{"train_by_step/step_no":1,"train_by_step/episode_no":0,"train_by_step/errors":2.660650457002106,"train_by_step/errors_noiseless":1.8921568924083068,"_timestamp":1.741875634745807e+09,"_runtime":2.881684935,"_step":1,"_wandb":{"runtime":3}}