{"_timestamp":1.7418757118082123e+09,"train_final/current_number_of_cnots":8,"train_by_step/errors_noiseless":0.018840425599987665,"train_final/episode_no":0,"train_by_step/episode_no":0,"_runtime":10.237366552,"train_final/errors":1.0046072255148315,"train_final/rwd_sum":5.441506614279206,"train_by_step/errors":1.0046072255148315,"train_by_step/step_no":11,"train_final/return":1.2633013725280762,"train_final/done_threshold":1.0160872,"train_final/epsilon":1,"train_final/errors_noiseless":0.018840425599987665,"train_final/bond_distance":".35","_step":12,"_wandb":{"runtime":15},"train_final/episode_len":11}