{"test_final/errors_noiseless":0.7860800248730158,"train_final/errors":0.26613699762532317,"_timestamp":1.7409983131809323e+09,"test_final/episode_len":29,"_runtime":185.92367013,"_step":398,"train_final/current_number_of_cnots":3,"test_final/errors":0.9515992936343869,"train_final/episode_len":26,"train_final/bond_distance":"414","train_final/rwd_sum":1.0736229314934462,"train_final/done_threshold":-0.35119018,"train_final/errors_noiseless":0.00015362325787293685,"train_by_step/errors_noiseless":1.5965205055820917,"_wandb":{"runtime":186},"train_by_step/episode_no":15,"train_final/return":0.6618854403495789,"train_by_step/step_no":0,"test_final/current_number_of_cnots":0,"train_final/episode_no":14,"test_final/bond_distance":"414","train_by_step/errors":1.780239188358279,"test_final/rwd_sum":0.45939130091574043,"test_final/return":0.3090232014656067,"test_final/episode_no":0,"test_final/done_threshold":-0.35119018,"train_final/epsilon":1}