{"_wandb":{"runtime":3},"train_by_step/errors":1.7257748481483182,"train_by_step/errors_noiseless":1.596520445977447,"_timestamp":1.7409987253778553e+09,"_runtime":3.028450936,"_step":1,"train_by_step/step_no":1,"train_by_step/episode_no":0}