{"_step":12,"train_by_step/step_no":11,"train_by_step/errors":1.0046072255148315,"train_final/bond_distance":".35","train_final/rwd_sum":5.441506614279206,"_runtime":10.959381622,"train_final/return":1.2633013725280762,"train_final/epsilon":1,"train_final/errors":1.0046072255148315,"train_final/episode_len":11,"train_by_step/episode_no":0,"train_final/done_threshold":1.0160872,"_wandb":{"runtime":13},"train_final/current_number_of_cnots":8,"train_final/episode_no":0,"train_final/errors_noiseless":0.018840425599987665,"_timestamp":1.741873022500035e+09,"train_by_step/errors_noiseless":0.018840425599987665}